{"stats":{"minecraft:used":{"minecraft:peony":16,"minecraft:rose_bush":16,"minecraft:netherite_shovel":195},"minecraft:mined":{"minecraft:tall_grass":22,"minecraft:grass_block":138,"minecraft:rose_bush":16,"minecraft:oak_leaves":7,"minecraft:peony":19,"minecraft:short_grass":2},"minecraft:picked_up":{"minecraft:red_tulip":2,"minecraft:rose_bush":16,"minecraft:peony":22,"minecraft:wheat_seeds":6,"minecraft:dirt":137},"minecraft:custom":{"minecraft:jump":98,"minecraft:time_since_rest":6072,"minecraft:leave_game":1,"minecraft:sprint_one_cm":27195,"minecraft:play_time":6072,"minecraft:time_since_death":6072,"minecraft:walk_one_cm":17842,"minecraft:total_world_time":6072,"minecraft:fall_one_cm":2717,"minecraft:fly_one_cm":31028}},"DataVersion":3955}