{"stats":{"minecraft:used":{"minecraft:written_book":1},"minecraft:custom":{"minecraft:jump":72,"minecraft:time_since_rest":12266,"minecraft:damage_dealt":40,"minecraft:damage_taken":1010,"minecraft:play_time":47136,"minecraft:leave_game":3,"minecraft:sprint_one_cm":6433,"minecraft:walk_one_cm":11250,"minecraft:time_since_death":12219,"minecraft:deaths":5,"minecraft:sneak_time":35,"minecraft:total_world_time":47136,"minecraft:drop":1,"minecraft:fall_one_cm":8298,"minecraft:fly_one_cm":133423},"minecraft:dropped":{"minecraft:book":1},"minecraft:picked_up":{"minecraft:player_head":1,"minecraft:diamond_pickaxe":1}},"DataVersion":3955}