{"stats":{"minecraft:custom":{"minecraft:time_since_rest":11795,"minecraft:crouch_one_cm":1728,"minecraft:play_time":46188,"minecraft:sprint_one_cm":12024,"minecraft:walk_one_cm":54358,"minecraft:damage_taken":1653,"minecraft:deaths":5,"minecraft:sneak_time":1416,"minecraft:walk_under_water_one_cm":50,"minecraft:drop":1,"minecraft:jump":149,"minecraft:damage_dealt":228,"minecraft:leave_game":7,"minecraft:walk_on_water_one_cm":3607,"minecraft:time_since_death":11761,"minecraft:total_world_time":46188,"minecraft:fall_one_cm":9562,"minecraft:fly_one_cm":302150,"minecraft:horse_one_cm":4901},"minecraft:used":{"minecraft:rotten_flesh":1,"minecraft:soul_campfire":1,"minecraft:black_wool":17,"minecraft:diamond_shovel":819,"minecraft:red_tulip":1,"minecraft:magenta_wool":12,"minecraft:oak_wood":1,"minecraft:pink_wool":174},"minecraft:dropped":{"minecraft:spider_spawn_egg":1},"minecraft:killed_by":{"minecraft:zombie":3},"minecraft:picked_up":{"minecraft:book":1,"minecraft:diamond_shovel":1,"minecraft:magenta_wool":1,"minecraft:rotten_flesh":1,"minecraft:pink_wool":64,"minecraft:red_tulip":1,"minecraft:black_wool":1,"minecraft:dirt":522},"minecraft:mined":{"minecraft:short_grass":15,"minecraft:grass_block":6,"minecraft:red_tulip":1,"minecraft:dirt":802,"minecraft:tall_grass":8,"minecraft:oak_leaves":1}},"DataVersion":3955}