{"stats":{"minecraft:custom":{"minecraft:time_since_rest":5691,"minecraft:crouch_one_cm":202,"minecraft:play_time":12023,"minecraft:sprint_one_cm":9962,"minecraft:walk_one_cm":13357,"minecraft:damage_taken":1443,"minecraft:deaths":4,"minecraft:sneak_time":201,"minecraft:walk_under_water_one_cm":50,"minecraft:jump":76,"minecraft:damage_dealt":62,"minecraft:leave_game":6,"minecraft:walk_on_water_one_cm":1412,"minecraft:time_since_death":5641,"minecraft:total_world_time":12023,"minecraft:fall_one_cm":9018,"minecraft:fly_one_cm":164651,"minecraft:horse_one_cm":4901},"minecraft:used":{"minecraft:rotten_flesh":1,"minecraft:red_tulip":1},"minecraft:killed_by":{"minecraft:zombie":3},"minecraft:picked_up":{"minecraft:rotten_flesh":1,"minecraft:red_tulip":1},"minecraft:mined":{"minecraft:short_grass":15,"minecraft:red_tulip":1,"minecraft:tall_grass":8,"minecraft:oak_leaves":1}},"DataVersion":3955}