{"stats":{"minecraft:used":{"minecraft:rotten_flesh":1,"minecraft:red_tulip":1},"minecraft:mined":{"minecraft:red_tulip":1,"minecraft:oak_leaves":1},"minecraft:picked_up":{"minecraft:rotten_flesh":1,"minecraft:red_tulip":1},"minecraft:custom":{"minecraft:time_since_rest":2395,"minecraft:crouch_one_cm":79,"minecraft:play_time":8727,"minecraft:sprint_one_cm":7155,"minecraft:deaths":4,"minecraft:damage_taken":1443,"minecraft:walk_one_cm":10762,"minecraft:sneak_time":80,"minecraft:walk_under_water_one_cm":50,"minecraft:jump":69,"minecraft:damage_dealt":27,"minecraft:leave_game":4,"minecraft:walk_on_water_one_cm":1412,"minecraft:time_since_death":2345,"minecraft:total_world_time":8727,"minecraft:fall_one_cm":9018,"minecraft:fly_one_cm":145043,"minecraft:horse_one_cm":4901},"minecraft:killed_by":{"minecraft:zombie":3}},"DataVersion":3955}