{"stats":{"minecraft:mined":{"minecraft:red_tulip":1,"minecraft:oak_leaves":1},"minecraft:killed_by":{"minecraft:zombie":2},"minecraft:picked_up":{"minecraft:red_tulip":1},"minecraft:custom":{"minecraft:jump":26,"minecraft:time_since_rest":254,"minecraft:leave_game":1,"minecraft:damage_dealt":27,"minecraft:deaths":2,"minecraft:sprint_one_cm":2500,"minecraft:play_time":3171,"minecraft:damage_taken":500,"minecraft:time_since_death":0,"minecraft:walk_one_cm":7791,"minecraft:total_world_time":3171,"minecraft:fall_one_cm":1774,"minecraft:fly_one_cm":6069,"minecraft:horse_one_cm":4901},"minecraft:used":{"minecraft:red_tulip":1}},"DataVersion":3955}