{"stats":{"minecraft:custom":{"minecraft:time_since_rest":1594,"minecraft:crouch_one_cm":1447,"minecraft:play_time":35987,"minecraft:sprint_one_cm":11904,"minecraft:walk_one_cm":33984,"minecraft:damage_taken":1473,"minecraft:deaths":5,"minecraft:sneak_time":1065,"minecraft:walk_under_water_one_cm":50,"minecraft:jump":126,"minecraft:damage_dealt":62,"minecraft:leave_game":6,"minecraft:walk_on_water_one_cm":1412,"minecraft:time_since_death":1560,"minecraft:total_world_time":35987,"minecraft:fall_one_cm":9562,"minecraft:fly_one_cm":261731,"minecraft:horse_one_cm":4901},"minecraft:used":{"minecraft:rotten_flesh":1,"minecraft:black_wool":17,"minecraft:diamond_shovel":171,"minecraft:red_tulip":1,"minecraft:magenta_wool":3,"minecraft:pink_wool":67},"minecraft:killed_by":{"minecraft:zombie":3},"minecraft:picked_up":{"minecraft:diamond_shovel":1,"minecraft:magenta_wool":1,"minecraft:rotten_flesh":1,"minecraft:pink_wool":64,"minecraft:red_tulip":1,"minecraft:black_wool":1,"minecraft:dirt":118},"minecraft:mined":{"minecraft:short_grass":15,"minecraft:grass_block":2,"minecraft:red_tulip":1,"minecraft:dirt":169,"minecraft:tall_grass":8,"minecraft:oak_leaves":1}},"DataVersion":3955}