{"stats":{"minecraft:custom":{"minecraft:time_since_rest":17655,"minecraft:crouch_one_cm":454,"minecraft:play_time":23987,"minecraft:sprint_one_cm":9962,"minecraft:walk_one_cm":14787,"minecraft:damage_taken":1463,"minecraft:deaths":4,"minecraft:sneak_time":419,"minecraft:walk_under_water_one_cm":50,"minecraft:jump":86,"minecraft:damage_dealt":62,"minecraft:leave_game":6,"minecraft:walk_on_water_one_cm":1412,"minecraft:time_since_death":17605,"minecraft:total_world_time":23987,"minecraft:fall_one_cm":9227,"minecraft:fly_one_cm":185353,"minecraft:horse_one_cm":4901},"minecraft:used":{"minecraft:rotten_flesh":1,"minecraft:red_tulip":1},"minecraft:killed_by":{"minecraft:zombie":3},"minecraft:picked_up":{"minecraft:rotten_flesh":1,"minecraft:red_tulip":1},"minecraft:mined":{"minecraft:short_grass":15,"minecraft:red_tulip":1,"minecraft:tall_grass":8,"minecraft:oak_leaves":1}},"DataVersion":3955}